{
  "common": {
    "signIn": "Sign In",
    "signUp": "Sign Up",
    "home": "Home"
  },
  "placeholder": {
    "usernameEmail": "Username/Email",
    "password": "Password",
    "username": "Username",
    "email": "Email",
    "confirmPassword": "Confirm Password"
  },
  "signIn": {
    "title": "Sign in to your Bridgestars account",
    "subtitle": "Enter your username and password",
    "footer": "Don't have an account?",
    "forgot": "Forgot your password?",
    "toast": {
      "alreadyIn": "dev: You are already signed in, sign out at profile page",
      "signedIn": "You are signed in!"
    }
  },
  "signUp": {
    "title": "Join the Bridgestars waiting list",
    "subtitle": "Enter your desired details below to create an account.",
    "footer": "Already have an account?",
    "toast": {
      "signedUp": "You are signed up!"
    }
  },
  "reset": {
    "title": "Reset your Bridgestars password",
    "subtitle": "Enter your email address to reset your password.",
    "resetPassword": "Reset Password",
    "footer": "Changed your mind?",
    "goBack": "Go Back",
    "toast": {
      "passwordReset": "Your password has been reset. Please check your email."
    }
  },
  "error": {
    "username": {
      "length": "Username must be between {{min}} and {{max}} characters.",
      "blank": "Please provide a Username."
    },
    "email": {
      "blank": "Please provide an Email.",
      "blankUserEmail": "Please provide Username/Email.",
      "notValid":"The Email you provided is not valid."
    },
    "password": {
      "blank": "Please provide a password.",
      "atLeastChar": "Password must be at least 8 characters.",
      "atLeastLower": "Password must contain at least one lowercase letter.",
      "atLeastUpper": "Password must contain at least one uppercase letter.",
      "atLeastDigit": "Password must contain at least one digit.",
      "enterAgain": "Please enter the password again.",
      "noMatch": "The password does not match."
    }
  }
  
}
