{
  "mac": {
    "title": "Bridgestars till Mac OS (.app)",
    "description": "Denna programvara är till Mac OS (Apple). När du startar den för första gången kommer den fråga om du vill ha en genväg på skrivbordet."
  },
  "win": {
    "title": "Bridgestars till Windows (.exe)",
    "description": "Denna programvara är till Windows (PC). När du har laddat ner den, starta applikationen direkt från dina nedladdningar så kommer en genväg att skapas på hemskärmen."
  },
  "title": "Välkommen till Bridgestars!",
  "desc1": "Bridgestars finns nu tillgängligt för några utvalda medlemmar. För att komma igång, ladda ner programvaran nedan på din stationära eller bärbara dator så kommer vi guida dig igenom processen att börja använda Bridgestars.",
  "desc2": "Vi uppskattar all positiv och negativ återkoppling om vårt program. Vi tar gärna emot kommentarer via {discord} eller {email} om du stöter på några problem. Du är också välkommen att föreslå nya funktioner.",
  "desc3": "Programmet kräver som mest 1 GB utrymme.",
  "desc4": "",
  "download": "Ladda ner",
  "size": "Storlek ({{size}})",
  "isMobile": "Vi jobbar på att göra Bridgestars tillgängligt på din mobila enhet. Så länge, gå in från din dator istället!",
  "isOtherOS": "Vi jobbar på att göra Bridgestars tillgängligt på din enhet. Så länge, gå in från din Windows- eller Macdator istället!",
  "showOptions": "Visa alla nedladdningsalternativ"
}
