{
  "common": {
    "signIn": "Logga In",
    "signUp": "Registrera dig",
    "home": "Hem"
  },
  "placeholder": {
    "usernameEmail": "Användarnamn/Email",
    "password": "Lösenord",
    "username": "Användarnamn",
    "email": "Email",
    "confirmPassword": "Bekräfta lösenord"
  },
  "signIn": {
    "title": "Logga in till ditt Bridgestarskonto",
    "subtitle": "Ange ditt användarnamn och lösenord",
    "footer": "Har du inget konto?",
    "forgot": "Glömt ditt lösenord?",
    "toast": {
      "alreadyIn": "dev: Du är redan inloggad, logga ut på profilsidan",
      "signedIn": "Du är inloggad!"
    }
  },
  "signUp": {
    "title": "Gå med i Bridgestars väntelista",
    "subtitle": "Fyll i dina användaruppgifter nedan för att skapa ett konto.",
    "footer": "Har du redan ett konto?",
    "toast": {
      "signedUp": "Ditt konto är nu registrerat!"
    }
  },
  "reset": {
    "title": "Återställ ditt Bridgestars lösenord",
    "subtitle": "Ange din e-postadress för att återställa ditt lösenord.",
    "resetPassword": "Återställ Lösenord",
    "footer": "Ångrat dig?",
    "goBack": "Gå Tillbaka",
    "toast": {
      "passwordReset": "Ditt lösenord har åteställts. En länk har skickats till din mail."
    }
  },
  "error": {
    "username": {
      "length": "Ditt användarnamn måste vara mellan {{min}} och {{max}} tecken.",
      "blank": "Vänligen ange ditt Användarnamn."
    },
    "email": {
      "blank": "Vänligen ange din Email.",
      "blankUserEmail": "Vänligen ange ditt Användarnamn/Email.",
      "notValid":"Mailen du angav är inte giltig."
    },
    "password": {
      "blank": "Vänligen ange ditt Lösenord.",
      "atLeastChar": "Ditt Lösenord måste innehålla minst 8 tecken.",
      "atLeastLower": "Ditt Lösenord måste innehålla minst en liten bokstav.",
      "atLeastUpper": "Ditt Lösenord måste innehålla minst en stor bokstav.",
      "atLeastDigit": "Ditt Lösenord måste innehålla minst en siffra.",
      "enterAgain": "Vänligen ange ditt lösenord igen.",
      "noMatch": "Lösenorden du angav matchar inte."

    }
  }

}
