{
  "welcome": "Welcome",
  "w": {
    "here": "Here",
    "home": "Home",
    "profile": "Profile",
    "policy": "Policy",
    "": ""
  },
  "misc": {
    "copyright": "Copyright © {{year}} Bridgestars by Bridgestars Technologies Sweden AB. All rights reserved."
  },
  "home": {
    "play": ""
  },
  "dashboard": {
    "sidepanel": {
      "analysis": "Analysis",
      "exercise": "Exercise",
      "other": "Other",
      "overview": "Overview",
      "deal_editor": "Deal Editor",
      "contract_calc": "Contract Calculator",
      "simulator": "Simulator",
      "contracting": "Contracting",
      "gambit": "Gambit",
      "suit_treatments": "Suit Treatments",
      "play": "Play",
      "help": "Help",
      "results": "Results",
      "sign_out": "Sign out"
    }
  },
  "bridgestars": {
    "premium": ""
  },
  "download:mac": {
    "title": "",
    "description": ""
  },
  "download:win": {
    "title": "",
    "description": ""
  },
  "download:title": "",
  "download:desc1": "",
  "download:desc2": "",
  "download:desc3": "",
  "download:desc4": "",
  "download:download": "",
  "download:size": "",
  "download:isMobile": "",
  "download:isOtherOS": "",
  "download:showOptions": ""
}