{
  "w": {
    "here": "Här",
    "home": "Hem",
    "profile": "Profil",
    "policy": "Villkor",
    "": ""
  },
  "misc": {
    "copyright": "Copyright © {{year}} Bridgestars by Bridgestars Technologies Sweden AB. All rights reserved."
  },
  "bridgestars": {
    "premium": ""
  },
  "download:mac": {
    "title": "",
    "description": ""
  },
  "download:win": {
    "title": "",
    "description": ""
  },
  "download:title": "",
  "download:desc1": "",
  "download:desc2": "",
  "download:desc3": "",
  "download:desc4": "",
  "download:download": "",
  "download:size": "",
  "download:isMobile": "",
  "download:isOtherOS": "",
  "download:showOptions": ""
}