{
  "w": {
    "home": "",
    "profile": "",
    "policy": "",
    "": "",
    "here": ""
  },
  "misc": {
    "copyright": ""
  },
  "bridgestars": {
    "premium": ""
  },
  "download:mac": {
    "title": "",
    "description": ""
  },
  "download:win": {
    "title": "",
    "description": ""
  },
  "download:title": "",
  "download:desc1": "",
  "download:desc2": "",
  "download:desc3": "",
  "download:desc4": "",
  "download:download": "",
  "download:size": "",
  "download:isMobile": "",
  "download:isOtherOS": "",
  "download:showOptions": ""
}