{
  "button": "Begin now",
  "revolutionize": {
    "title": "Revolutionizing the Bridge Learning Experience",
    "desc1": "With Bridgestars, we aim to strengthen existing Bridge education by replacing obsolete IT-solutions with modern and user-friendly software."
  },
  "quote": {
    "desc1": "In a world of rapid technological advancements, the world of bridge has not been able to keep up. We need a clean and modern solution for playing Bridge online that is fun, easy and engaging. Focusing on the educational aspects of bridge, Brigestars provides an online platform where students can enhance their playing by taking part in different courses available on the platform. This is done in cooperation with bridge schools all around Sweden. Together our vision is to provide an engaging learning environment for all types of bridge students, from beginners to experienced players. ",
    "castor": "Bridgestars CEO, Founder and Junior World Champion 2018."
  },
  "contact": {
    "title1": "Contact Us",
    "title2": "Interested in a partnership?",
    "desc1": "We are always looking for new partners to fulfill our vision. If you are a bridge teacher aiming to enhance your students' learning experience, please reach out to us on {email} for a potential partnership.",
    "emailSubject": "Expression of Interest",
    "emailBody": "Hi Bridgestars,%0D%0AI am interested in collaborating with you and would like to know more about how we can help each other.%0D%0A%0D%0AMy name is:%0D%0A%0D%0ABridge Club:%0D%0A%0D%0AI am interested in Bridgestars related to: education/custom IT solutions/Online bridge/others"
  }
}
